cluster_id,entity_id,source
0,0,acm
0,2123,dblp
1,1,acm
1,1470,dblp
2,10,acm
2,1244,dblp
3,100,acm
3,1786,dblp
3,2278,acm
3,1255,dblp
4,1000,acm
4,2412,dblp
5,1001,acm
5,829,dblp
6,1002,acm
6,1510,dblp
7,1003,acm
7,465,dblp
8,1004,acm
8,913,dblp
9,1005,acm
9,1657,dblp
10,1006,acm
10,638,dblp
11,1007,acm
11,2408,dblp
12,1008,acm
12,533,dblp
13,1009,acm
13,1839,dblp
14,101,acm
14,1378,dblp
15,1010,acm
15,993,dblp
16,1011,acm
16,1766,dblp
17,1012,acm
17,226,dblp
18,1013,acm
18,1582,dblp
19,1014,acm
19,2331,dblp
20,1015,acm
20,758,dblp
20,137,acm
20,809,dblp
21,1016,acm
21,397,dblp
22,1017,acm
22,1259,dblp
23,1018,acm
23,208,dblp
24,1019,acm
24,1218,dblp
24,1227,acm
24,1051,dblp
25,102,acm
25,186,dblp
26,1020,acm
26,256,dblp
27,1021,acm
27,729,dblp
28,1022,acm
28,2442,dblp
29,1023,acm
29,2553,dblp
30,1024,acm
30,1795,dblp
31,1025,acm
31,2397,dblp
32,1026,acm
32,2595,dblp
33,1027,acm
33,806,dblp
34,1028,acm
34,2378,dblp
35,1029,acm
35,1421,dblp
36,103,acm
36,877,dblp
37,1030,acm
37,1196,dblp
37,1183,acm
37,1752,dblp
38,1031,acm
38,1440,dblp
39,1032,acm
39,2119,dblp
39,1182,acm
39,317,dblp
40,1033,acm
40,2490,dblp
41,1034,acm
41,1826,dblp
42,1035,acm
42,542,dblp
43,1036,acm
43,218,dblp
44,1037,acm
44,2379,dblp
45,1038,acm
45,2426,dblp
46,1039,acm
46,1070,dblp
47,104,acm
47,1631,dblp
47,1097,acm
47,1089,dblp
48,1040,acm
48,35,dblp
49,1041,acm
49,1950,dblp
50,1042,acm
50,538,dblp
51,1043,acm
51,641,dblp
52,1044,acm
52,258,dblp
52,1211,acm
52,158,dblp
53,1045,acm
53,1273,dblp
54,1046,acm
54,2341,dblp
55,1047,acm
55,1181,dblp
56,1048,acm
56,1481,dblp
57,1049,acm
57,1507,dblp
58,105,acm
58,1063,dblp
59,1050,acm
59,640,dblp
60,1051,acm
60,420,dblp
61,1052,acm
61,356,dblp
62,1053,acm
62,1360,dblp
63,1054,acm
63,207,dblp
64,1055,acm
64,327,dblp
65,1056,acm
65,2330,dblp
66,1057,acm
66,872,dblp
67,1058,acm
67,100,dblp
68,1059,acm
68,2590,dblp
69,106,acm
69,1269,dblp
70,1060,acm
70,1002,dblp
71,1061,acm
71,793,dblp
72,1062,acm
72,586,dblp
73,1063,acm
73,1336,dblp
74,1064,acm
74,1312,dblp
74,124,dblp
75,1065,acm
75,2510,dblp
76,1066,acm
76,1997,dblp
77,1067,acm
77,1981,dblp
78,1068,acm
78,2340,dblp
79,1069,acm
79,1810,dblp
80,107,acm
80,2362,dblp
81,1070,acm
81,380,dblp
82,1071,acm
82,2383,dblp
83,1072,acm
83,744,dblp
84,1073,acm
84,2143,dblp
85,1074,acm
85,1117,dblp
86,1075,acm
86,515,dblp
87,1076,acm
87,565,dblp
88,1077,acm
88,694,dblp
89,1078,acm
89,2382,dblp
90,1079,acm
90,1650,dblp
91,108,acm
91,2267,dblp
92,1080,acm
92,1970,dblp
93,1081,acm
93,1197,dblp
94,1082,acm
94,1349,dblp
95,1083,acm
95,2406,dblp
96,1084,acm
96,2451,dblp
96,539,acm
96,1467,dblp
97,1085,acm
97,1967,dblp
97,1265,acm
97,822,dblp
98,1086,acm
98,1298,dblp
99,1087,acm
99,72,dblp
100,1088,acm
100,1428,dblp
101,1089,acm
101,531,dblp
102,109,acm
102,485,dblp
103,1090,acm
103,2033,dblp
104,1091,acm
104,2146,dblp
105,1092,acm
105,1120,dblp
106,1093,acm
106,1,dblp
107,1094,acm
107,841,dblp
107,1517,acm
107,664,dblp
108,1095,acm
108,1858,dblp
109,1096,acm
109,2187,dblp
110,1098,acm
110,960,dblp
111,1099,acm
111,128,dblp
112,11,acm
112,1258,dblp
113,110,acm
113,1717,dblp
114,1100,acm
114,1247,dblp
114,1458,acm
114,391,dblp
115,1101,acm
115,2185,dblp
116,1102,acm
116,814,dblp
117,1103,acm
117,495,dblp
118,1104,acm
118,811,dblp
119,1105,acm
119,1620,dblp
120,1106,acm
120,253,dblp
121,1107,acm
121,1048,dblp
122,1108,acm
122,2246,dblp
122,1043,dblp
122,1951,acm
123,1109,acm
123,2472,dblp
124,111,acm
124,138,dblp
125,1110,acm
125,1592,dblp
126,1111,acm
126,788,dblp
127,1112,acm
127,1263,dblp
128,1113,acm
128,430,dblp
128,1174,acm
128,1872,dblp
129,1114,acm
129,2129,dblp
130,1115,acm
130,2256,dblp
131,1116,acm
131,2375,dblp
132,1117,acm
132,2000,dblp
133,1118,acm
133,1497,dblp
134,1119,acm
134,1662,dblp
135,112,acm
135,1882,dblp
136,1120,acm
136,1641,dblp
137,1121,acm
137,2554,dblp
138,1122,acm
138,892,dblp
139,1123,acm
139,1201,dblp
140,1124,acm
140,2492,dblp
141,1125,acm
141,3,dblp
142,1126,acm
142,2440,dblp
143,1127,acm
143,2061,dblp
144,1128,acm
144,2132,dblp
145,1129,acm
145,413,dblp
145,1858,acm
145,1632,dblp
146,113,acm
146,2407,dblp
147,1130,acm
147,171,dblp
148,1131,acm
148,900,dblp
149,1132,acm
149,15,dblp
150,1133,acm
150,47,dblp
151,1134,acm
151,1294,dblp
152,1135,acm
152,766,dblp
152,337,acm
152,2536,dblp
153,1136,acm
153,1472,dblp
154,1137,acm
154,1165,dblp
154,1911,acm
154,303,dblp
155,1138,acm
155,1812,dblp
156,1139,acm
156,858,dblp
157,114,acm
157,672,dblp
158,1140,acm
158,2263,dblp
159,1141,acm
159,1924,dblp
160,1142,acm
160,2530,dblp
161,1143,acm
161,2311,dblp
162,1144,acm
162,2118,dblp
163,1145,acm
163,815,dblp
164,1146,acm
164,597,dblp
165,1147,acm
165,34,dblp
166,1148,acm
166,1136,dblp
167,1149,acm
167,23,dblp
168,115,acm
168,1200,dblp
169,1150,acm
169,1729,dblp
170,1151,acm
170,1264,dblp
171,1152,acm
171,971,dblp
172,1153,acm
172,2606,dblp
173,1154,acm
173,2456,dblp
174,1155,acm
174,1054,dblp
175,1156,acm
175,854,dblp
176,1157,acm
176,2404,dblp
176,1163,acm
176,2385,dblp
177,1158,acm
177,1666,dblp
178,1159,acm
178,2494,dblp
179,116,acm
179,2194,dblp
180,1160,acm
180,545,dblp
181,1161,acm
181,2571,dblp
182,1162,acm
182,2154,dblp
183,1164,acm
183,18,dblp
184,1165,acm
184,376,dblp
185,1166,acm
185,2152,dblp
186,1167,acm
186,2558,dblp
187,1168,acm
187,1091,dblp
188,1169,acm
188,790,dblp
189,117,acm
189,0,dblp
190,1170,acm
190,768,dblp
191,1171,acm
191,935,dblp
192,1172,acm
192,1456,dblp
193,1173,acm
193,702,dblp
194,1175,acm
194,2321,dblp
195,1176,acm
195,28,dblp
196,1177,acm
196,740,dblp
197,1179,acm
197,325,dblp
197,958,acm
197,7,dblp
198,118,acm
198,266,dblp
199,1180,acm
199,518,dblp
200,1181,acm
200,431,dblp
201,1184,acm
201,1731,dblp
202,1185,acm
202,1885,dblp
203,1186,acm
203,1126,dblp
203,199,acm
203,976,dblp
204,1187,acm
204,425,dblp
205,1188,acm
205,2045,dblp
206,1189,acm
206,1701,dblp
207,119,acm
207,113,dblp
207,507,acm
207,2541,dblp
208,1190,acm
208,631,dblp
209,1191,acm
209,847,dblp
210,1192,acm
210,1204,dblp
211,1193,acm
211,1404,dblp
212,1194,acm
212,1655,dblp
213,1195,acm
213,1169,dblp
214,1196,acm
214,956,dblp
215,1197,acm
215,467,dblp
216,1198,acm
216,2007,dblp
217,1199,acm
217,844,dblp
217,775,acm
217,37,dblp
218,12,acm
218,675,dblp
219,120,acm
219,591,dblp
220,1200,acm
220,369,dblp
221,1201,acm
221,940,dblp
222,1202,acm
222,2410,dblp
223,1203,acm
223,1498,dblp
224,1204,acm
224,763,dblp
225,1205,acm
225,1118,dblp
226,1206,acm
226,1295,dblp
227,1207,acm
227,1772,dblp
228,1208,acm
228,479,dblp
228,2263,acm
228,1309,dblp
229,1209,acm
229,99,dblp
229,2247,acm
229,76,dblp
230,121,acm
230,2254,dblp
231,1210,acm
231,1410,dblp
232,1212,acm
232,2542,dblp
233,1213,acm
233,12,dblp
233,2421,dblp
233,373,acm
234,1214,acm
234,363,dblp
235,1215,acm
235,245,dblp
236,1216,acm
236,1397,dblp
237,1217,acm
237,2062,dblp
238,1218,acm
238,682,dblp
239,1219,acm
239,855,dblp
240,122,acm
240,1672,dblp
241,1220,acm
241,198,dblp
242,1221,acm
242,1060,dblp
243,1222,acm
243,864,dblp
244,1223,acm
244,13,dblp
244,776,acm
244,2271,dblp
245,1224,acm
245,2444,dblp
245,969,acm
245,524,dblp
246,1225,acm
246,839,dblp
246,1829,acm
246,1496,dblp
246,998,acm
246,2151,dblp
247,1226,acm
247,2188,dblp
247,768,acm
247,1009,dblp
248,1228,acm
248,1340,dblp
249,1229,acm
249,753,dblp
250,123,acm
250,2304,dblp
251,1230,acm
251,1411,dblp
252,1231,acm
252,1351,dblp
253,1232,acm
253,1362,dblp
253,2017,acm
253,1849,dblp
254,1233,acm
254,508,dblp
255,1234,acm
255,175,dblp
255,256,acm
255,1468,dblp
256,1235,acm
256,2125,dblp
256,2193,acm
256,1539,dblp
257,1236,acm
257,2008,dblp
258,1237,acm
258,2611,dblp
259,1238,acm
259,1106,dblp
260,1239,acm
260,471,dblp
261,124,acm
261,274,dblp
261,2533,dblp
262,1240,acm
262,62,dblp
262,2100,acm
262,2418,dblp
262,1241,acm
262,1130,dblp
263,1242,acm
263,2025,dblp
264,1243,acm
264,2225,dblp
265,1244,acm
265,118,dblp
266,1245,acm
266,2475,dblp
267,1246,acm
267,2534,dblp
268,1247,acm
268,2252,dblp
269,1248,acm
269,720,dblp
270,1249,acm
270,2204,dblp
271,125,acm
271,1075,dblp
272,1250,acm
272,2320,dblp
273,1251,acm
273,329,dblp
274,1252,acm
274,1878,dblp
275,1253,acm
275,1580,dblp
276,1254,acm
276,2179,dblp
277,1255,acm
277,282,dblp
278,1256,acm
278,64,dblp
279,1257,acm
279,602,dblp
280,1258,acm
280,1779,dblp
281,1259,acm
281,120,dblp
282,126,acm
282,1235,dblp
283,1260,acm
283,2461,dblp
284,1261,acm
284,1675,dblp
285,1262,acm
285,1274,dblp
286,1263,acm
286,1523,dblp
287,1264,acm
287,830,dblp
288,1266,acm
288,264,dblp
289,1267,acm
289,1560,dblp
290,1268,acm
290,1153,dblp
290,798,acm
290,364,dblp
291,1269,acm
291,263,dblp
291,847,acm
291,1690,dblp
291,365,acm
291,1489,dblp
291,695,acm
291,1434,dblp
292,127,acm
292,1385,dblp
293,1270,acm
293,1714,dblp
294,1271,acm
294,63,dblp
294,809,acm
294,2009,dblp
295,1272,acm
295,2550,dblp
296,1273,acm
296,2003,dblp
296,804,acm
296,1751,dblp
297,1274,acm
297,314,dblp
298,1275,acm
298,1623,dblp
299,1276,acm
299,1968,dblp
300,1277,acm
300,752,dblp
301,1278,acm
301,688,dblp
301,1862,acm
301,22,dblp
301,1866,acm
301,1933,dblp
301,990,acm
301,2502,dblp
302,1279,acm
302,2305,dblp
303,128,acm
303,1591,dblp
304,1280,acm
304,1401,dblp
305,1281,acm
305,798,dblp
306,1282,acm
306,1512,dblp
307,1283,acm
307,1618,dblp
308,1284,acm
308,1061,dblp
309,1285,acm
309,2479,dblp
310,1286,acm
310,2034,dblp
311,1287,acm
311,1921,dblp
312,1288,acm
312,1025,dblp
313,1289,acm
313,1519,dblp
314,129,acm
314,2044,dblp
315,1290,acm
315,857,dblp
316,1291,acm
316,1473,dblp
317,1292,acm
317,1177,dblp
318,1293,acm
318,1842,dblp
319,1294,acm
319,1373,dblp
320,1295,acm
320,1018,dblp
321,1296,acm
321,1792,dblp
321,938,acm
321,2403,dblp
322,1297,acm
322,703,dblp
323,1298,acm
323,618,dblp
324,1299,acm
324,1112,dblp
325,13,acm
325,607,dblp
326,130,acm
326,569,dblp
327,1300,acm
327,951,dblp
328,1301,acm
328,1308,dblp
329,1302,acm
329,560,dblp
330,1303,acm
330,2328,dblp
331,1304,acm
331,2233,dblp
331,944,acm
331,32,dblp
332,1305,acm
332,2582,dblp
333,1306,acm
333,1789,dblp
334,1307,acm
334,2396,dblp
334,1682,acm
334,1825,dblp
335,1308,acm
335,1307,dblp
336,1309,acm
336,2415,dblp
337,131,acm
337,1045,dblp
338,1310,acm
338,212,dblp
338,290,acm
338,1462,dblp
339,1311,acm
339,1907,dblp
340,1312,acm
340,999,dblp
341,1313,acm
341,291,dblp
342,1314,acm
342,1575,dblp
343,1315,acm
343,2197,dblp
344,1316,acm
344,922,dblp
345,1317,acm
345,1459,dblp
346,1318,acm
346,1738,dblp
347,1319,acm
347,126,dblp
348,132,acm
348,700,dblp
349,1320,acm
349,1050,dblp
350,1321,acm
350,1663,dblp
351,1322,acm
351,673,dblp
352,1323,acm
352,1954,dblp
352,881,acm
352,1969,dblp
353,1324,acm
353,2202,dblp
354,1325,acm
354,878,dblp
355,1326,acm
355,2299,dblp
356,1327,acm
356,736,dblp
357,1328,acm
357,91,dblp
358,1329,acm
358,785,dblp
359,133,acm
359,969,dblp
360,1330,acm
360,573,dblp
361,1331,acm
361,796,dblp
362,1332,acm
362,2255,dblp
362,918,acm
362,2193,dblp
363,1333,acm
363,334,dblp
364,1334,acm
364,2604,dblp
365,1335,acm
365,2347,dblp
366,1336,acm
366,1723,dblp
367,1337,acm
367,2083,dblp
368,1338,acm
368,1364,dblp
369,1339,acm
369,503,dblp
370,134,acm
370,1128,dblp
371,1340,acm
371,1217,dblp
372,1341,acm
372,1683,dblp
373,1342,acm
373,713,dblp
374,1343,acm
374,2609,dblp
375,1344,acm
375,1171,dblp
376,1345,acm
376,1821,dblp
377,1346,acm
377,1227,dblp
378,1347,acm
378,2110,dblp
379,1348,acm
379,616,dblp
379,2196,acm
379,1425,dblp
379,200,dblp
380,1349,acm
380,537,dblp
381,135,acm
381,388,dblp
381,1460,acm
381,1565,dblp
382,1350,acm
382,1895,dblp
383,1351,acm
383,2355,dblp
384,1352,acm
384,1033,dblp
384,919,acm
384,1232,dblp
385,1353,acm
385,1228,dblp
386,1354,acm
386,351,dblp
387,1355,acm
387,296,dblp
388,1356,acm
388,1092,dblp
389,1357,acm
389,1256,dblp
390,1358,acm
390,884,dblp
391,1359,acm
391,2286,dblp
392,136,acm
392,908,dblp
393,1360,acm
393,1597,dblp
394,1361,acm
394,1697,dblp
394,390,acm
394,339,dblp
395,1362,acm
395,1572,dblp
396,1363,acm
396,441,dblp
397,1364,acm
397,429,dblp
398,1365,acm
398,2269,dblp
399,1366,acm
399,677,dblp
400,1367,acm
400,548,dblp
401,1368,acm
401,2557,dblp
402,1369,acm
402,2114,dblp
402,879,acm
402,2107,acm
402,309,dblp
402,2462,dblp
403,1370,acm
403,1846,dblp
403,862,acm
403,1007,dblp
404,1371,acm
404,1034,dblp
405,1372,acm
405,1806,dblp
406,1373,acm
406,21,dblp
407,1374,acm
407,2532,dblp
408,1375,acm
408,92,dblp
409,1376,acm
409,2523,dblp
410,1377,acm
410,396,dblp
411,1378,acm
411,506,dblp
412,1379,acm
412,2020,dblp
413,138,acm
413,324,dblp
414,1380,acm
414,2016,dblp
415,1381,acm
415,1684,dblp
416,1382,acm
416,2005,dblp
417,1383,acm
417,1973,dblp
418,1384,acm
418,2361,dblp
419,1385,acm
419,572,dblp
420,1386,acm
420,1936,dblp
421,1387,acm
421,2342,dblp
422,1388,acm
422,1643,dblp
423,1389,acm
423,2373,dblp
424,139,acm
424,612,dblp
425,1390,acm
425,2581,dblp
426,1391,acm
426,2336,dblp
427,1392,acm
427,1835,dblp
427,184,acm
427,1926,dblp
428,1393,acm
428,2288,dblp
429,1394,acm
429,1677,dblp
430,1395,acm
430,1906,dblp
431,1396,acm
431,398,dblp
432,1397,acm
432,231,dblp
433,1398,acm
433,1521,dblp
434,1399,acm
434,2058,dblp
435,14,acm
435,2086,dblp
436,140,acm
436,384,dblp
437,1400,acm
437,724,dblp
438,1401,acm
438,14,dblp
438,2106,acm
438,279,dblp
439,1402,acm
439,1148,dblp
440,1403,acm
440,735,dblp
441,1404,acm
441,1508,dblp
442,1405,acm
442,1482,dblp
443,1406,acm
443,2615,dblp
444,1407,acm
444,2069,dblp
445,1408,acm
445,1540,dblp
446,1409,acm
446,19,dblp
446,2119,acm
446,1243,dblp
447,141,acm
447,1445,dblp
448,1410,acm
448,367,dblp
449,1411,acm
449,1387,dblp
449,410,acm
449,315,dblp
450,1412,acm
450,832,dblp
451,1413,acm
451,2518,dblp
452,1414,acm
452,2279,dblp
453,1415,acm
453,1230,dblp
454,1416,acm
454,1475,dblp
455,1417,acm
455,570,dblp
455,615,dblp
456,1418,acm
456,27,dblp
457,1419,acm
457,2081,dblp
458,142,acm
458,1615,dblp
459,1420,acm
459,2419,dblp
460,1421,acm
460,1861,dblp
461,1422,acm
461,147,dblp
461,463,acm
461,2192,dblp
462,1423,acm
462,737,dblp
463,1424,acm
463,2262,dblp
464,1425,acm
464,1115,dblp
465,1426,acm
465,2281,dblp
466,1427,acm
466,2392,dblp
467,1428,acm
467,2353,dblp
468,1429,acm
468,1764,dblp
469,143,acm
469,2309,dblp
469,2179,acm
469,457,dblp
470,1430,acm
470,1748,dblp
471,1431,acm
471,26,dblp
472,1432,acm
472,2182,dblp
472,980,acm
472,1713,dblp
472,46,acm
472,361,dblp
473,1433,acm
473,53,dblp
474,1434,acm
474,31,dblp
475,1435,acm
475,2521,dblp
476,1436,acm
476,2551,dblp
477,1437,acm
477,1047,dblp
477,1541,acm
477,2500,dblp
478,1438,acm
478,606,dblp
479,1439,acm
479,2526,dblp
480,144,acm
480,587,dblp
481,1440,acm
481,2210,dblp
482,1441,acm
482,1852,dblp
483,1442,acm
483,2056,dblp
483,2209,acm
483,320,dblp
484,1443,acm
484,2552,dblp
485,1444,acm
485,1466,dblp
486,1445,acm
486,995,dblp
487,1446,acm
487,154,dblp
488,1447,acm
488,373,dblp
489,1448,acm
489,1965,dblp
490,1449,acm
490,1322,dblp
491,145,acm
491,912,dblp
492,1450,acm
492,4,dblp
493,1451,acm
493,2032,dblp
494,1452,acm
494,1254,dblp
495,1453,acm
495,1807,dblp
496,1454,acm
496,83,dblp
497,1455,acm
497,674,dblp
498,1456,acm
498,567,dblp
499,1457,acm
499,1478,dblp
500,1459,acm
500,1366,dblp
500,374,acm
500,459,dblp
501,146,acm
501,1286,dblp
502,1461,acm
502,80,dblp
503,1462,acm
503,1993,dblp
504,1463,acm
504,1304,dblp
505,1464,acm
505,1213,dblp
506,1465,acm
506,1746,dblp
507,1466,acm
507,1998,dblp
508,1467,acm
508,164,dblp
509,1468,acm
509,415,dblp
510,1469,acm
510,1918,dblp
511,147,acm
511,58,dblp
512,1470,acm
512,148,dblp
513,1471,acm
513,234,dblp
513,2207,acm
513,863,dblp
514,1472,acm
514,2096,dblp
515,1473,acm
515,1285,dblp
516,1474,acm
516,910,dblp
517,1475,acm
517,1430,dblp
518,1476,acm
518,2018,dblp
518,1923,acm
518,1757,dblp
519,1477,acm
519,2310,dblp
519,1395,dblp
519,1632,acm
520,1478,acm
520,119,dblp
521,1479,acm
521,69,dblp
522,148,acm
522,1407,dblp
523,1480,acm
523,2607,dblp
523,2293,acm
523,1621,dblp
524,1481,acm
524,1994,dblp
525,1482,acm
525,2205,dblp
525,2042,acm
525,659,dblp
526,1483,acm
526,649,dblp
527,1484,acm
527,2072,dblp
528,1485,acm
528,426,dblp
529,1486,acm
529,1652,dblp
530,1487,acm
530,1937,dblp
531,1488,acm
531,1617,dblp
532,1489,acm
532,1990,dblp
533,149,acm
533,1141,dblp
534,1490,acm
534,838,dblp
535,1491,acm
535,139,dblp
536,1492,acm
536,494,dblp
537,1493,acm
537,197,dblp
538,1494,acm
538,189,dblp
539,1495,acm
539,1384,dblp
540,1496,acm
540,1814,dblp
541,1497,acm
541,246,dblp
542,1498,acm
542,1001,dblp
543,1499,acm
543,1763,dblp
544,15,acm
544,622,dblp
545,150,acm
545,109,dblp
546,1500,acm
546,2576,dblp
547,1501,acm
547,1031,dblp
548,1502,acm
548,2238,dblp
549,1503,acm
549,1898,dblp
550,1504,acm
550,1860,dblp
551,1505,acm
551,2261,dblp
552,1506,acm
552,1634,dblp
553,1507,acm
553,919,dblp
554,1508,acm
554,2414,dblp
555,1509,acm
555,1726,dblp
556,151,acm
556,1679,dblp
557,1510,acm
557,2466,dblp
558,1511,acm
558,2452,dblp
559,1512,acm
559,2318,dblp
560,1513,acm
560,972,dblp
561,1514,acm
561,2388,dblp
562,1515,acm
562,288,dblp
563,1516,acm
563,1910,dblp
564,1518,acm
564,2158,dblp
565,1519,acm
565,818,dblp
566,152,acm
566,742,dblp
567,1520,acm
567,652,dblp
568,1521,acm
568,135,dblp
569,1522,acm
569,306,dblp
570,1523,acm
570,412,dblp
571,1524,acm
571,1599,dblp
572,1525,acm
572,1964,dblp
573,1526,acm
573,2014,dblp
574,1527,acm
574,2270,dblp
575,1528,acm
575,1504,dblp
576,1529,acm
576,418,dblp
577,153,acm
577,554,dblp
578,1530,acm
578,1520,dblp
579,1531,acm
579,469,dblp
580,1532,acm
580,2077,dblp
581,1533,acm
581,2057,dblp
582,1534,acm
582,1021,dblp
583,1535,acm
583,1082,dblp
584,1536,acm
584,1214,dblp
585,1537,acm
585,1665,dblp
586,1538,acm
586,552,dblp
587,1539,acm
587,85,dblp
588,154,acm
588,619,dblp
589,1540,acm
589,1424,dblp
590,1542,acm
590,2524,dblp
591,1543,acm
591,2498,dblp
592,1544,acm
592,1884,dblp
592,1544,dblp
593,1545,acm
593,1145,dblp
594,1546,acm
594,2463,dblp
595,1547,acm
595,1140,dblp
596,1548,acm
596,2386,dblp
597,1549,acm
597,876,dblp
598,155,acm
598,1149,dblp
599,1550,acm
599,937,dblp
600,1551,acm
600,2449,dblp
601,1552,acm
601,996,dblp
602,1553,acm
602,2483,dblp
603,1554,acm
603,739,dblp
604,1555,acm
604,2290,dblp
605,1556,acm
605,345,dblp
606,1557,acm
606,233,dblp
607,1558,acm
607,40,dblp
608,1559,acm
608,2363,dblp
609,156,acm
609,979,dblp
610,1560,acm
610,723,dblp
611,1561,acm
611,1104,dblp
612,1562,acm
612,1179,dblp
613,1563,acm
613,2329,dblp
614,1564,acm
614,2134,dblp
615,1565,acm
615,206,dblp
615,246,acm
615,2602,dblp
616,1566,acm
616,2191,dblp
617,1567,acm
617,414,dblp
618,1568,acm
618,2529,dblp
619,1569,acm
619,707,dblp
620,157,acm
620,741,dblp
621,1570,acm
621,2094,dblp
622,1571,acm
622,501,dblp
623,1572,acm
623,755,dblp
624,1573,acm
624,1809,dblp
625,1574,acm
625,439,dblp
625,1659,acm
625,1438,dblp
626,1575,acm
626,2556,dblp
626,1657,acm
626,1506,dblp
627,1576,acm
627,1241,dblp
628,1577,acm
628,1450,dblp
629,1578,acm
629,2169,dblp
630,1579,acm
630,2160,dblp
631,158,acm
631,1762,dblp
632,1580,acm
632,756,dblp
633,1581,acm
633,2446,dblp
634,1582,acm
634,1960,dblp
635,1583,acm
635,240,dblp
636,1584,acm
636,837,dblp
637,1585,acm
637,2167,dblp
638,1586,acm
638,917,dblp
639,1587,acm
639,1568,dblp
640,1588,acm
640,627,dblp
641,1589,acm
641,1535,dblp
642,159,acm
642,24,dblp
643,1590,acm
643,697,dblp
644,1591,acm
644,1166,dblp
645,1592,acm
645,1202,dblp
646,1593,acm
646,2174,dblp
647,1594,acm
647,2349,dblp
648,1595,acm
648,610,dblp
649,1596,acm
649,1692,dblp
650,1597,acm
650,1463,dblp
651,1598,acm
651,2172,dblp
652,1599,acm
652,1722,dblp
653,16,acm
653,1667,dblp
654,160,acm
654,1749,dblp
655,1600,acm
655,162,dblp
656,1601,acm
656,1015,dblp
657,1602,acm
657,2438,dblp
658,1603,acm
658,1265,dblp
659,1604,acm
659,1151,dblp
660,1605,acm
660,1770,dblp
661,1606,acm
661,2117,dblp
662,1607,acm
662,71,dblp
662,1926,acm
662,1607,dblp
662,98,dblp
662,1908,acm
663,1608,acm
663,2247,dblp
664,1609,acm
664,94,dblp
665,161,acm
665,1678,dblp
666,1610,acm
666,1867,dblp
667,1611,acm
667,2568,dblp
668,1612,acm
668,835,dblp
669,1613,acm
669,2066,dblp
670,1614,acm
670,1119,dblp
671,1615,acm
671,2566,dblp
672,1616,acm
672,1221,dblp
673,1617,acm
673,2053,dblp
674,1618,acm
674,1441,dblp
675,1619,acm
675,2084,dblp
676,162,acm
676,348,dblp
677,1620,acm
677,353,dblp
678,1621,acm
678,1647,dblp
679,1622,acm
679,1689,dblp
680,1623,acm
680,2112,dblp
681,1624,acm
681,1014,dblp
682,1625,acm
682,975,dblp
683,1626,acm
683,1801,dblp
684,1627,acm
684,84,dblp
685,1628,acm
685,2217,dblp
686,1629,acm
686,678,dblp
687,163,acm
687,1023,dblp
688,1630,acm
688,2497,dblp
689,1631,acm
689,1718,dblp
690,1633,acm
690,530,dblp
691,1634,acm
691,1787,dblp
692,1635,acm
692,375,dblp
693,1636,acm
693,2348,dblp
694,1637,acm
694,992,dblp
695,1638,acm
695,1042,dblp
696,1639,acm
696,1604,dblp
697,164,acm
697,278,dblp
698,1640,acm
698,1533,dblp
699,1641,acm
699,1234,dblp
699,1676,acm
699,404,dblp
700,1642,acm
700,1638,dblp
701,1643,acm
701,332,dblp
702,1644,acm
702,990,dblp
703,1645,acm
703,1648,dblp
703,614,acm
703,1111,dblp
704,1646,acm
704,1429,dblp
704,250,acm
704,176,dblp
705,1647,acm
705,2088,dblp
706,1648,acm
706,804,dblp
707,1649,acm
707,1706,dblp
708,165,acm
708,499,dblp
709,1650,acm
709,1491,dblp
710,1651,acm
710,77,dblp
711,1652,acm
711,1989,dblp
712,1653,acm
712,1820,dblp
713,1654,acm
713,874,dblp
714,1655,acm
714,679,dblp
715,1656,acm
715,1529,dblp
716,1658,acm
716,544,dblp
717,166,acm
717,1087,dblp
718,1660,acm
718,132,dblp
719,1661,acm
719,265,dblp
720,1662,acm
720,129,dblp
721,1663,acm
721,1016,dblp
722,1664,acm
722,980,dblp
723,1665,acm
723,2435,dblp
724,1666,acm
724,1727,dblp
724,1937,acm
724,1099,dblp
725,1667,acm
725,78,dblp
726,1668,acm
726,180,dblp
727,1669,acm
727,1102,dblp
728,167,acm
728,204,dblp
729,1670,acm
729,167,dblp
730,1671,acm
730,1659,dblp
731,1672,acm
731,765,dblp
732,1673,acm
732,1444,dblp
733,1674,acm
733,2517,dblp
733,1723,acm
733,1559,dblp
734,1675,acm
734,987,dblp
735,1677,acm
735,1956,dblp
736,1678,acm
736,773,dblp
737,1679,acm
737,1564,dblp
738,168,acm
738,551,dblp
739,1680,acm
739,52,dblp
740,1681,acm
740,2596,dblp
741,1683,acm
741,1942,dblp
742,1684,acm
742,1320,dblp
743,1685,acm
743,795,dblp
744,1686,acm
744,1524,dblp
744,1700,acm
744,1331,dblp
745,1687,acm
745,121,dblp
746,1688,acm
746,2283,dblp
747,1689,acm
747,2610,dblp
748,169,acm
748,1740,dblp
749,1690,acm
749,2393,dblp
750,1691,acm
750,770,dblp
751,1692,acm
751,1090,dblp
752,1693,acm
752,1052,dblp
753,1694,acm
753,55,dblp
754,1695,acm
754,1635,dblp
755,1696,acm
755,407,dblp
756,1697,acm
756,289,dblp
757,1698,acm
757,1024,dblp
758,1699,acm
758,312,dblp
759,17,acm
759,1225,dblp
760,170,acm
760,81,dblp
761,1701,acm
761,331,dblp
762,1702,acm
762,1325,dblp
763,1703,acm
763,455,dblp
764,1704,acm
764,2504,dblp
765,1705,acm
765,1984,dblp
766,1706,acm
766,948,dblp
767,1707,acm
767,816,dblp
768,1708,acm
768,248,dblp
769,1709,acm
769,911,dblp
770,171,acm
770,2486,dblp
771,1710,acm
771,722,dblp
772,1711,acm
772,1036,dblp
772,1240,dblp
773,1712,acm
773,93,dblp
774,1713,acm
774,50,dblp
775,1714,acm
775,236,dblp
775,676,dblp
775,1865,acm
775,1877,dblp
775,1936,acm
776,1715,acm
776,341,dblp
777,1716,acm
777,1150,dblp
778,1717,acm
778,513,dblp
779,1718,acm
779,2150,dblp
780,1719,acm
780,366,dblp
781,172,acm
781,650,dblp
782,1720,acm
782,1418,dblp
783,1721,acm
783,2525,dblp
783,615,acm
783,2434,dblp
784,1722,acm
784,1300,dblp
785,1724,acm
785,1178,dblp
785,613,acm
785,1057,dblp
786,1725,acm
786,1700,dblp
787,1726,acm
787,1156,dblp
788,1727,acm
788,1426,dblp
789,1728,acm
789,1206,dblp
790,1729,acm
790,588,dblp
791,173,acm
791,827,dblp
792,1730,acm
792,1515,dblp
793,1731,acm
793,1192,dblp
794,1732,acm
794,1768,dblp
795,1733,acm
795,1923,dblp
796,1734,acm
796,1851,dblp
797,1735,acm
797,112,dblp
798,1736,acm
798,2004,dblp
799,1737,acm
799,2043,dblp
799,612,acm
799,2035,dblp
800,1738,acm
800,1587,dblp
801,1739,acm
801,1095,dblp
802,174,acm
802,362,dblp
803,1740,acm
803,593,dblp
804,1741,acm
804,2519,dblp
805,1742,acm
805,300,dblp
806,1743,acm
806,190,dblp
807,1744,acm
807,683,dblp
808,1745,acm
808,698,dblp
809,1746,acm
809,1355,dblp
810,1747,acm
810,1549,dblp
811,1748,acm
811,1133,dblp
812,1749,acm
812,1980,dblp
813,175,acm
813,1158,dblp
814,1750,acm
814,1941,dblp
815,1751,acm
815,778,dblp
816,1752,acm
816,1163,dblp
817,1753,acm
817,2545,dblp
818,1754,acm
818,1745,dblp
819,1755,acm
819,1280,dblp
820,1756,acm
820,909,dblp
821,1757,acm
821,1750,dblp
822,1758,acm
822,2224,dblp
823,1759,acm
823,8,dblp
824,176,acm
824,133,dblp
825,1760,acm
825,1822,dblp
826,1761,acm
826,692,dblp
827,1762,acm
827,821,dblp
828,1763,acm
828,1724,dblp
829,1764,acm
829,1805,dblp
830,1765,acm
830,2075,dblp
831,1766,acm
831,840,dblp
832,1767,acm
832,647,dblp
833,1768,acm
833,392,dblp
834,1769,acm
834,2547,dblp
835,177,acm
835,496,dblp
836,1770,acm
836,1526,dblp
837,1771,acm
837,2313,dblp
838,1772,acm
838,2091,dblp
839,1773,acm
839,2019,dblp
840,1774,acm
840,408,dblp
841,1775,acm
841,1619,dblp
842,1776,acm
842,1371,dblp
843,1777,acm
843,215,dblp
844,1778,acm
844,243,dblp
845,1779,acm
845,1947,dblp
846,178,acm
846,789,dblp
847,1780,acm
847,1581,dblp
848,1781,acm
848,1943,dblp
849,1782,acm
849,432,dblp
850,1783,acm
850,1765,dblp
851,1784,acm
851,2443,dblp
852,1785,acm
852,743,dblp
853,1786,acm
853,2278,dblp
854,1787,acm
854,2232,dblp
855,1788,acm
855,505,dblp
856,1789,acm
856,2503,dblp
857,179,acm
857,978,dblp
858,1790,acm
858,2051,dblp
858,28,acm
858,1874,dblp
858,201,acm
858,2448,dblp
858,2171,acm
858,2423,dblp
859,1791,acm
859,905,dblp
860,1792,acm
860,1379,dblp
861,1793,acm
861,1412,dblp
862,1794,acm
862,2220,dblp
863,1795,acm
863,2294,dblp
864,1796,acm
864,745,dblp
865,1797,acm
865,1053,dblp
866,1798,acm
866,1363,dblp
867,1799,acm
867,656,dblp
868,18,acm
868,30,dblp
869,180,acm
869,520,dblp
870,1800,acm
870,1030,dblp
871,1801,acm
871,1220,dblp
872,1802,acm
872,1071,dblp
873,1803,acm
873,1528,dblp
873,979,acm
873,824,dblp
873,1930,acm
873,2324,dblp
874,1804,acm
874,959,dblp
875,1805,acm
875,2367,dblp
876,1806,acm
876,249,dblp
877,1807,acm
877,2219,dblp
878,1808,acm
878,17,dblp
879,1809,acm
879,989,dblp
880,181,acm
880,1132,dblp
881,1810,acm
881,1525,dblp
882,1811,acm
882,780,dblp
883,1812,acm
883,146,dblp
884,1813,acm
884,424,dblp
885,1814,acm
885,1880,dblp
885,1852,acm
885,899,dblp
886,1815,acm
886,1367,dblp
887,1816,acm
887,313,dblp
888,1817,acm
888,2177,dblp
889,1818,acm
889,2292,dblp
890,1819,acm
890,2345,dblp
891,182,acm
891,2465,dblp
892,1820,acm
892,1856,dblp
893,1821,acm
893,168,dblp
893,194,acm
893,1818,dblp
894,1822,acm
894,157,dblp
895,1823,acm
895,411,dblp
896,1824,acm
896,1406,dblp
897,1825,acm
897,2422,dblp
898,1826,acm
898,613,dblp
899,1827,acm
899,2209,dblp
900,1828,acm
900,2249,dblp
901,183,acm
901,191,dblp
902,1830,acm
902,2337,dblp
903,1831,acm
903,137,dblp
904,1832,acm
904,1239,dblp
905,1833,acm
905,1041,dblp
906,1834,acm
906,1819,dblp
907,1835,acm
907,2213,dblp
908,1836,acm
908,661,dblp
909,1837,acm
909,1514,dblp
910,1838,acm
910,2365,dblp
911,1839,acm
911,1142,dblp
912,1840,acm
912,2425,dblp
913,1841,acm
913,1332,dblp
914,1842,acm
914,1374,dblp
915,1843,acm
915,1292,dblp
916,1844,acm
916,2579,dblp
917,1845,acm
917,1712,dblp
918,1846,acm
918,2546,dblp
919,1847,acm
919,2573,dblp
920,1848,acm
920,2578,dblp
920,1913,acm
920,49,dblp
921,1849,acm
921,2480,dblp
922,185,acm
922,437,dblp
923,1850,acm
923,970,dblp
924,1851,acm
924,1490,dblp
925,1853,acm
925,1386,dblp
926,1854,acm
926,444,dblp
927,1855,acm
927,687,dblp
928,1856,acm
928,1778,dblp
929,1857,acm
929,1252,dblp
930,1859,acm
930,1038,dblp
931,186,acm
931,1348,dblp
932,1860,acm
932,213,dblp
933,1861,acm
933,965,dblp
934,1863,acm
934,371,dblp
935,1864,acm
935,2147,dblp
936,1867,acm
936,1901,dblp
937,1868,acm
937,1359,dblp
938,1869,acm
938,512,dblp
939,187,acm
939,534,dblp
939,230,dblp
939,192,acm
940,1870,acm
940,368,dblp
940,1921,acm
940,2036,dblp
941,1871,acm
941,711,dblp
942,1872,acm
942,1329,dblp
943,1873,acm
943,1365,dblp
943,382,acm
943,1103,dblp
944,1874,acm
944,546,dblp
945,1875,acm
945,696,dblp
946,1876,acm
946,685,dblp
947,1877,acm
947,2289,dblp
948,1878,acm
948,592,dblp
949,1879,acm
949,558,dblp
950,188,acm
950,2357,dblp
951,1880,acm
951,1185,dblp
952,1881,acm
952,1108,dblp
953,1882,acm
953,2505,dblp
954,1883,acm
954,933,dblp
955,1884,acm
955,2108,dblp
956,1885,acm
956,9,dblp
957,1886,acm
957,2360,dblp
958,1887,acm
958,680,dblp
959,1888,acm
959,1545,dblp
960,1889,acm
960,2173,dblp
961,189,acm
961,142,dblp
962,1890,acm
962,1010,dblp
963,1891,acm
963,1513,dblp
964,1892,acm
964,2322,dblp
964,1997,acm
964,173,dblp
964,66,dblp
964,1895,acm
965,1893,acm
965,2121,dblp
966,1894,acm
966,403,dblp
967,1896,acm
967,2574,dblp
968,1897,acm
968,759,dblp
969,1898,acm
969,2296,dblp
970,1899,acm
970,886,dblp
971,19,acm
971,2017,dblp
972,190,acm
972,2115,dblp
973,1900,acm
973,1105,dblp
974,1901,acm
974,1376,dblp
975,1902,acm
975,635,dblp
976,1903,acm
976,2585,dblp
977,1904,acm
977,1551,dblp
978,1905,acm
978,1276,dblp
979,1906,acm
979,1361,dblp
980,1907,acm
980,1616,dblp
981,1909,acm
981,1977,dblp
982,191,acm
982,2387,dblp
983,1910,acm
983,486,dblp
984,1912,acm
984,1542,dblp
985,1914,acm
985,2295,dblp
986,1915,acm
986,287,dblp
987,1916,acm
987,2431,dblp
988,1917,acm
988,1518,dblp
989,1918,acm
989,1346,dblp
990,1919,acm
990,1076,dblp
991,1920,acm
991,114,dblp
992,1922,acm
992,2208,dblp
993,1924,acm
993,2474,dblp
994,1925,acm
994,1338,dblp
995,1927,acm
995,2293,dblp
996,1928,acm
996,489,dblp
997,1929,acm
997,1318,dblp
998,193,acm
998,491,dblp
999,1931,acm
999,261,dblp
1000,1932,acm
1000,2195,dblp
1001,1933,acm
1001,1458,dblp
1002,1934,acm
1002,2107,dblp
1003,1935,acm
1003,443,dblp
1003,1993,acm
1003,1931,dblp
1004,1938,acm
1004,1870,dblp
1005,1939,acm
1005,1107,dblp
1006,1940,acm
1006,1661,dblp
1007,1941,acm
1007,782,dblp
1008,1942,acm
1008,2307,dblp
1009,1943,acm
1009,79,dblp
1010,1944,acm
1010,2063,dblp
1011,1945,acm
1011,889,dblp
1012,1946,acm
1012,1297,dblp
1013,1947,acm
1013,2603,dblp
1014,1948,acm
1014,1125,dblp
1015,1949,acm
1015,1123,dblp
1016,195,acm
1016,2022,dblp
1016,26,acm
1016,1390,dblp
1016,783,acm
1016,895,dblp
1017,1950,acm
1017,1357,dblp
1018,1952,acm
1018,1863,dblp
1019,1953,acm
1019,2229,dblp
1019,328,acm
1019,2520,dblp
1020,1954,acm
1020,2037,dblp
1021,1955,acm
1021,2021,dblp
1022,1956,acm
1022,2588,dblp
1022,241,acm
1022,1393,dblp
1023,1957,acm
1023,955,dblp
1024,1958,acm
1024,438,dblp
1025,1959,acm
1025,1730,dblp
1026,196,acm
1026,817,dblp
1027,1960,acm
1027,151,dblp
1028,1961,acm
1028,144,dblp
1029,1962,acm
1029,2095,dblp
1030,1963,acm
1030,2298,dblp
1031,1964,acm
1031,268,dblp
1032,1965,acm
1032,2221,dblp
1033,1966,acm
1033,2027,dblp
1034,1967,acm
1034,1503,dblp
1035,1968,acm
1035,301,dblp
1036,1969,acm
1036,1189,dblp
1037,197,acm
1037,101,dblp
1038,1970,acm
1038,1959,dblp
1039,1971,acm
1039,111,dblp
1040,1972,acm
1040,237,dblp
1041,1973,acm
1041,2164,dblp
1042,1974,acm
1042,500,dblp
1043,1975,acm
1043,271,dblp
1044,1976,acm
1044,1799,dblp
1045,1977,acm
1045,1017,dblp
1046,1978,acm
1046,1629,dblp
1047,1979,acm
1047,1808,dblp
1048,198,acm
1048,2450,dblp
1049,1980,acm
1049,1081,dblp
1050,1981,acm
1050,2351,dblp
1050,997,acm
1050,1055,dblp
1051,1982,acm
1051,2597,dblp
1052,1983,acm
1052,1985,dblp
1053,1984,acm
1053,1324,dblp
1054,1985,acm
1054,1680,dblp
1055,1986,acm
1055,1886,dblp
1056,1987,acm
1056,169,dblp
1057,1988,acm
1057,668,dblp
1058,1989,acm
1058,1784,dblp
1059,1990,acm
1059,1168,dblp
1060,1991,acm
1060,1488,dblp
1061,1992,acm
1061,561,dblp
1062,1994,acm
1062,1382,dblp
1063,1995,acm
1063,194,dblp
1064,1996,acm
1064,1398,dblp
1065,1998,acm
1065,953,dblp
1066,1999,acm
1066,880,dblp
1067,2,acm
1067,440,dblp
1068,20,acm
1068,614,dblp
1069,200,acm
1069,632,dblp
1070,2000,acm
1070,401,dblp
1071,2001,acm
1071,1578,dblp
1072,2002,acm
1072,887,dblp
1073,2003,acm
1073,1370,dblp
1074,2005,acm
1074,1402,dblp
1075,2006,acm
1075,888,dblp
1076,2007,acm
1076,2333,dblp
1077,2008,acm
1077,2366,dblp
1077,1226,dblp
1078,2009,acm
1078,1354,dblp
1079,2010,acm
1079,11,dblp
1079,2268,acm
1079,1686,dblp
1080,2011,acm
1080,1996,dblp
1081,2012,acm
1081,716,dblp
1082,2013,acm
1082,1794,dblp
1083,2014,acm
1083,2206,dblp
1083,723,acm
1083,651,dblp
1083,720,acm
1083,786,dblp
1084,2015,acm
1084,1613,dblp
1085,2016,acm
1085,2128,dblp
1086,2018,acm
1086,1952,dblp
1087,2019,acm
1087,1771,dblp
1087,2264,acm
1087,1400,dblp
1087,665,dblp
1088,202,acm
1088,335,dblp
1089,2020,acm
1089,260,dblp
1089,1442,dblp
1090,2021,acm
1090,1593,dblp
1091,2022,acm
1091,497,dblp
1092,2023,acm
1092,1721,dblp
1093,2024,acm
1093,1188,dblp
1094,2025,acm
1094,555,dblp
1095,2026,acm
1095,1134,dblp
1096,2027,acm
1096,1321,dblp
1097,2028,acm
1097,1767,dblp
1098,2029,acm
1098,868,dblp
1099,203,acm
1099,2223,dblp
1100,2030,acm
1100,1876,dblp
1101,2031,acm
1101,536,dblp
1102,2032,acm
1102,2076,dblp
1103,2033,acm
1103,1084,dblp
1104,2034,acm
1104,257,dblp
1105,2035,acm
1105,1783,dblp
1106,2036,acm
1106,2326,dblp
1107,2037,acm
1107,105,dblp
1108,2038,acm
1108,468,dblp
1109,2039,acm
1109,2565,dblp
1110,204,acm
1110,543,dblp
1111,2040,acm
1111,1211,dblp
1112,2041,acm
1112,803,dblp
1113,2043,acm
1113,262,dblp
1114,2044,acm
1114,1174,dblp
1115,2045,acm
1115,939,dblp
1116,2046,acm
1116,1614,dblp
1117,2047,acm
1117,1517,dblp
1118,2048,acm
1118,68,dblp
1119,2049,acm
1119,1423,dblp
1120,205,acm
1120,1670,dblp
1121,2050,acm
1121,2516,dblp
1122,2051,acm
1122,2276,dblp
1123,2052,acm
1123,2319,dblp
1124,2053,acm
1124,901,dblp
1125,2054,acm
1125,2092,dblp
1126,2055,acm
1126,2251,dblp
1127,2056,acm
1127,2563,dblp
1128,2057,acm
1128,1299,dblp
1129,2058,acm
1129,2457,dblp
1129,382,dblp
1130,2059,acm
1130,478,dblp
1131,206,acm
1131,1502,dblp
1132,2060,acm
1132,2236,dblp
1133,2061,acm
1133,2317,dblp
1133,548,acm
1133,286,dblp
1134,2062,acm
1134,488,dblp
1135,2063,acm
1135,2277,dblp
1136,2064,acm
1136,2144,dblp
1136,2128,acm
1136,516,acm
1137,2065,acm
1137,1522,dblp
1138,2066,acm
1138,1813,dblp
1139,2067,acm
1139,1601,dblp
1140,2068,acm
1140,1464,dblp
1141,2069,acm
1141,2181,dblp
1141,231,acm
1141,524,acm
1142,207,acm
1142,385,dblp
1143,2070,acm
1143,684,dblp
1144,2071,acm
1144,178,dblp
1144,561,acm
1144,549,acm
1145,2072,acm
1145,603,dblp
1146,2073,acm
1146,681,dblp
1147,2074,acm
1147,528,dblp
1148,2075,acm
1148,1552,dblp
1149,2076,acm
1149,776,dblp
1150,2077,acm
1150,333,dblp
1151,2078,acm
1151,1887,dblp
1152,2079,acm
1152,1909,dblp
1153,208,acm
1153,1702,dblp
1154,2080,acm
1154,1754,dblp
1155,2081,acm
1155,871,dblp
1156,2082,acm
1156,762,dblp
1157,2083,acm
1157,916,dblp
1158,2084,acm
1158,1915,dblp
1159,2085,acm
1159,1927,dblp
1160,2086,acm
1160,318,dblp
1161,2087,acm
1161,577,dblp
1162,2088,acm
1162,1864,dblp
1163,2089,acm
1163,1323,dblp
1164,209,acm
1164,166,dblp
1165,2090,acm
1165,38,dblp
1166,2091,acm
1166,2227,dblp
1167,2092,acm
1167,611,dblp
1168,2093,acm
1168,1198,dblp
1169,2094,acm
1169,281,dblp
1170,2095,acm
1170,241,dblp
1171,2096,acm
1171,2301,dblp
1172,2097,acm
1172,510,dblp
1173,2098,acm
1173,1983,dblp
1174,2099,acm
1174,669,dblp
1175,21,acm
1175,1695,dblp
1176,210,acm
1176,2245,dblp
1177,2101,acm
1177,957,dblp
1178,2102,acm
1178,1982,dblp
1179,2103,acm
1179,1212,dblp
1180,2104,acm
1180,718,dblp
1180,889,acm
1180,2308,dblp
1181,2105,acm
1181,87,dblp
1181,866,acm
1181,1747,dblp
1182,2108,acm
1182,1759,dblp
1183,2109,acm
1183,1291,dblp
1183,455,acm
1183,715,dblp
1184,211,acm
1184,1248,dblp
1185,2110,acm
1185,223,dblp
1186,2111,acm
1186,2138,dblp
1187,2112,acm
1187,492,dblp
1188,2113,acm
1188,2135,dblp
1189,2114,acm
1189,482,dblp
1190,2115,acm
1190,400,dblp
1191,2116,acm
1191,1609,dblp
1192,2117,acm
1192,1330,dblp
1193,2118,acm
1193,458,dblp
1194,212,acm
1194,2381,dblp
1195,2120,acm
1195,355,dblp
1196,2121,acm
1196,2543,dblp
1197,2122,acm
1197,1062,dblp
1198,2123,acm
1198,1963,dblp
1198,901,acm
1198,2250,dblp
1199,2124,acm
1199,1369,dblp
1199,2133,acm
1199,2129,acm
1200,2125,acm
1200,705,dblp
1200,2202,acm
1200,904,acm
1200,669,acm
1200,598,acm
1200,513,acm
1200,744,acm
1200,1380,dblp
1200,1899,dblp
1200,386,dblp
1200,1452,dblp
1200,2583,dblp
1200,942,dblp
1201,2126,acm
1201,2248,dblp
1202,2127,acm
1202,293,dblp
1203,213,acm
1203,232,dblp
1204,2130,acm
1204,2130,dblp
1205,2132,acm
1205,1172,dblp
1205,321,acm
1206,2135,acm
1206,402,dblp
1207,2136,acm
1207,1710,dblp
1208,2137,acm
1208,1995,dblp
1209,2138,acm
1209,405,dblp
1210,2139,acm
1210,521,dblp
1211,214,acm
1211,379,dblp
1212,2140,acm
1212,280,dblp
1213,2141,acm
1213,725,dblp
1214,2142,acm
1214,1266,dblp
1215,2143,acm
1215,594,dblp
1216,2144,acm
1216,217,dblp
1217,2145,acm
1217,1946,dblp
1218,2146,acm
1218,1143,dblp
1219,215,acm
1219,1215,dblp
1220,2150,acm
1220,1403,dblp
1220,567,acm
1221,2151,acm
1221,1122,dblp
1222,2152,acm
1222,667,dblp
1222,562,acm
1222,826,dblp
1223,2153,acm
1223,1100,dblp
1224,2154,acm
1224,210,dblp
1224,465,acm
1224,1469,dblp
1225,2155,acm
1225,1642,dblp
1226,2156,acm
1226,1534,dblp
1227,2157,acm
1227,1358,dblp
1228,2158,acm
1228,1203,dblp
1229,2159,acm
1229,2460,dblp
1230,216,acm
1230,1476,dblp
1231,2160,acm
1231,1246,dblp
1232,2161,acm
1232,307,dblp
1233,2162,acm
1233,1804,dblp
1234,2163,acm
1234,102,dblp
1235,2164,acm
1235,1590,dblp
1236,2165,acm
1236,395,dblp
1237,2166,acm
1237,2586,dblp
1238,2167,acm
1238,1012,dblp
1239,2168,acm
1239,2234,dblp
1240,2169,acm
1240,336,dblp
1241,217,acm
1241,1693,dblp
1242,2170,acm
1242,2264,dblp
1243,2172,acm
1243,1922,dblp
1244,2173,acm
1244,1419,dblp
1245,2174,acm
1245,104,dblp
1246,2175,acm
1246,1257,dblp
1247,2176,acm
1247,2239,dblp
1248,2177,acm
1248,1194,dblp
1249,2178,acm
1249,1474,dblp
1249,771,dblp
1250,218,acm
1250,639,dblp
1251,2180,acm
1251,1630,dblp
1252,2181,acm
1252,1245,dblp
1253,2182,acm
1253,1798,dblp
1254,2183,acm
1254,125,dblp
1254,272,acm
1254,950,dblp
1255,2184,acm
1255,209,dblp
1256,2185,acm
1256,1550,dblp
1257,2186,acm
1257,342,dblp
1258,2187,acm
1258,59,dblp
1259,2188,acm
1259,623,dblp
1260,2189,acm
1260,1957,dblp
1261,219,acm
1261,269,dblp
1262,2190,acm
1262,1991,dblp
1263,2191,acm
1263,2010,dblp
1264,2192,acm
1264,259,dblp
1265,2194,acm
1265,1302,dblp
1266,2195,acm
1266,1584,dblp
1266,709,acm
1266,1170,dblp
1267,2197,acm
1267,2101,dblp
1267,412,acm
1267,936,dblp
1268,2198,acm
1268,1505,dblp
1269,2199,acm
1269,1341,dblp
1270,22,acm
1270,1237,dblp
1271,220,acm
1271,2369,dblp
1272,2200,acm
1272,51,dblp
1273,2201,acm
1273,141,dblp
1274,2203,acm
1274,2109,dblp
1275,2204,acm
1275,1894,dblp
1276,2205,acm
1276,1447,dblp
1277,2206,acm
1277,421,dblp
1278,2208,acm
1278,2030,dblp
1279,221,acm
1279,1598,dblp
1280,2210,acm
1280,1066,dblp
1281,2211,acm
1281,153,dblp
1282,2212,acm
1282,1289,dblp
1283,2213,acm
1283,2100,dblp
1284,2214,acm
1284,1556,dblp
1285,2215,acm
1285,1816,dblp
1286,2216,acm
1286,1306,dblp
1287,2217,acm
1287,1408,dblp
1288,2218,acm
1288,2237,dblp
1289,2219,acm
1289,967,dblp
1290,222,acm
1290,1896,dblp
1291,2220,acm
1291,2139,dblp
1292,2221,acm
1292,1190,dblp
1293,2222,acm
1293,547,dblp
1294,2223,acm
1294,1186,dblp
1295,2224,acm
1295,2265,dblp
1296,2225,acm
1296,1850,dblp
1297,2226,acm
1297,1557,dblp
1298,2227,acm
1298,2570,dblp
1299,2228,acm
1299,2241,dblp
1300,2229,acm
1300,608,dblp
1301,223,acm
1301,484,dblp
1302,2230,acm
1302,1326,dblp
1303,2231,acm
1303,1902,dblp
1304,2232,acm
1304,553,dblp
1305,2233,acm
1305,929,dblp
1306,2234,acm
1306,1705,dblp
1306,344,acm
1306,1180,dblp
1306,56,acm
1306,347,acm
1306,808,dblp
1306,2244,dblp
1306,775,dblp
1307,2235,acm
1307,600,dblp
1308,2236,acm
1308,947,dblp
1309,2237,acm
1309,1303,dblp
1310,2238,acm
1310,1868,dblp
1311,2239,acm
1311,783,dblp
1312,224,acm
1312,1436,dblp
1313,2240,acm
1313,2402,dblp
1314,2241,acm
1314,349,dblp
1315,2242,acm
1315,1622,dblp
1316,2243,acm
1316,2183,dblp
1317,2244,acm
1317,1157,dblp
1318,2245,acm
1318,2430,dblp
1319,2246,acm
1319,1096,dblp
1320,2248,acm
1320,578,dblp
1321,2249,acm
1321,660,dblp
1322,225,acm
1322,2131,dblp
1323,2250,acm
1323,393,dblp
1323,1546,dblp
1324,2251,acm
1324,1493,dblp
1325,2252,acm
1325,108,dblp
1326,2253,acm
1326,861,dblp
1327,2254,acm
1327,1875,dblp
1328,2255,acm
1328,1415,dblp
1329,2256,acm
1329,2549,dblp
1330,2257,acm
1330,1350,dblp
1331,2258,acm
1331,1911,dblp
1332,2259,acm
1332,2540,dblp
1333,226,acm
1333,575,dblp
1333,564,acm
1333,653,dblp
1333,927,acm
1333,958,dblp
1333,2601,dblp
1333,1645,dblp
1333,1639,dblp
1333,726,dblp
1333,387,dblp
1333,304,dblp
1333,968,dblp
1333,2391,dblp
1333,131,dblp
1333,359,dblp
1333,527,acm
1333,334,acm
1333,649,acm
1333,547,acm
1333,2148,dblp
1333,1914,dblp
1333,551,acm
1333,472,dblp
1333,934,dblp
1333,907,dblp
1334,2260,acm
1334,2427,dblp
1335,2261,acm
1335,1116,dblp
1336,2262,acm
1336,1465,dblp
1336,90,dblp
1337,2265,acm
1337,2230,dblp
1338,2266,acm
1338,998,dblp
1338,2335,dblp
1339,2267,acm
1339,2413,dblp
1340,2269,acm
1340,1685,dblp
1341,227,acm
1341,1992,dblp
1342,2270,acm
1342,1193,dblp
1343,2271,acm
1343,1495,dblp
1344,2272,acm
1344,1637,dblp
1345,2273,acm
1345,2390,dblp
1346,2274,acm
1346,1562,dblp
1347,2275,acm
1347,1416,dblp
1348,2276,acm
1348,378,dblp
1349,2277,acm
1349,365,dblp
1350,2279,acm
1350,1831,dblp
1351,228,acm
1351,2477,dblp
1352,2280,acm
1352,29,dblp
1353,2281,acm
1353,2106,dblp
1354,2282,acm
1354,2222,dblp
1355,2283,acm
1355,41,dblp
1356,2284,acm
1356,2073,dblp
1357,2285,acm
1357,273,dblp
1358,2286,acm
1358,2511,dblp
1358,1658,dblp
1359,2287,acm
1359,1396,dblp
1360,2288,acm
1360,1492,dblp
1360,2338,dblp
1361,2289,acm
1361,10,dblp
1362,229,acm
1362,1139,dblp
1363,2290,acm
1363,671,dblp
1364,2291,acm
1364,1548,dblp
1365,2292,acm
1365,654,dblp
1366,23,acm
1366,473,dblp
1367,230,acm
1367,1596,dblp
1368,232,acm
1368,1577,dblp
1369,233,acm
1369,350,dblp
1370,234,acm
1370,2374,dblp
1371,235,acm
1371,562,dblp
1372,236,acm
1372,751,dblp
1373,237,acm
1373,764,dblp
1374,238,acm
1374,156,dblp
1374,598,dblp
1375,239,acm
1375,445,dblp
1376,24,acm
1376,323,dblp
1377,240,acm
1377,1283,dblp
1378,242,acm
1378,1049,dblp
1379,243,acm
1379,746,dblp
1380,244,acm
1380,1315,dblp
1381,245,acm
1381,377,dblp
1382,247,acm
1382,1608,dblp
1383,248,acm
1383,221,dblp
1384,249,acm
1384,1866,dblp
1385,25,acm
1385,1184,dblp
1386,251,acm
1386,357,dblp
1387,252,acm
1387,150,dblp
1388,253,acm
1388,2350,dblp
1389,254,acm
1389,185,dblp
1390,255,acm
1390,1541,dblp
1391,257,acm
1391,1699,dblp
1392,258,acm
1392,1044,dblp
1393,259,acm
1393,731,dblp
1394,260,acm
1394,1668,dblp
1395,261,acm
1395,1000,dblp
1396,262,acm
1396,690,dblp
1397,263,acm
1397,56,dblp
1398,264,acm
1398,390,dblp
1399,265,acm
1399,2316,dblp
1400,266,acm
1400,1908,dblp
1401,267,acm
1401,581,dblp
1402,268,acm
1402,2098,dblp
1403,269,acm
1403,2464,dblp
1403,1626,dblp
1404,27,acm
1404,1028,dblp
1405,270,acm
1405,2050,dblp
1406,271,acm
1406,767,dblp
1407,273,acm
1407,2082,dblp
1408,274,acm
1408,949,dblp
1409,275,acm
1409,1208,dblp
1410,276,acm
1410,205,dblp
1411,277,acm
1411,2212,dblp
1412,278,acm
1412,2513,dblp
1413,279,acm
1413,1242,dblp
1414,280,acm
1414,1088,dblp
1415,281,acm
1415,381,dblp
1416,282,acm
1416,1008,dblp
1417,283,acm
1417,1958,dblp
1418,284,acm
1418,2284,dblp
1419,285,acm
1419,428,dblp
1420,286,acm
1420,2527,dblp
1421,287,acm
1421,747,dblp
1422,288,acm
1422,583,dblp
1423,289,acm
1423,2090,dblp
1424,29,acm
1424,1124,dblp
1425,291,acm
1425,1920,dblp
1426,292,acm
1426,310,dblp
1427,293,acm
1427,343,dblp
1428,294,acm
1428,326,dblp
1429,295,acm
1429,549,dblp
1430,296,acm
1430,1855,dblp
1431,297,acm
1431,308,dblp
1432,298,acm
1432,2253,dblp
1433,299,acm
1433,1453,dblp
1434,3,acm
1434,463,dblp
1435,30,acm
1435,2512,dblp
1435,739,acm
1435,187,dblp
1436,300,acm
1436,354,dblp
1437,301,acm
1437,143,dblp
1438,302,acm
1438,1869,dblp
1439,303,acm
1439,1879,dblp
1439,535,acm
1439,2613,dblp
1440,304,acm
1440,1892,dblp
1441,305,acm
1441,1586,dblp
1442,306,acm
1442,1530,dblp
1443,307,acm
1443,2364,dblp
1444,308,acm
1444,1744,dblp
1445,309,acm
1445,97,dblp
1445,701,acm
1445,2215,dblp
1446,31,acm
1446,1916,dblp
1447,310,acm
1447,89,dblp
1448,311,acm
1448,73,dblp
1449,312,acm
1449,1337,dblp
1450,313,acm
1450,1694,dblp
1451,314,acm
1451,2048,dblp
1452,315,acm
1452,1064,dblp
1453,316,acm
1453,870,dblp
1454,317,acm
1454,462,dblp
1455,318,acm
1455,812,dblp
1456,319,acm
1456,655,dblp
1457,32,acm
1457,1824,dblp
1458,320,acm
1458,1080,dblp
1459,322,acm
1459,1561,dblp
1460,323,acm
1460,1020,dblp
1461,324,acm
1461,1691,dblp
1462,325,acm
1462,1167,dblp
1463,326,acm
1463,1574,dblp
1464,327,acm
1464,1532,dblp
1465,329,acm
1465,1164,dblp
1466,33,acm
1466,580,dblp
1467,330,acm
1467,1231,dblp
1468,331,acm
1468,579,dblp
1469,332,acm
1469,1356,dblp
1470,333,acm
1470,2042,dblp
1471,335,acm
1471,299,dblp
1472,336,acm
1472,110,dblp
1473,338,acm
1473,1056,dblp
1474,339,acm
1474,799,dblp
1474,53,acm
1474,620,dblp
1475,34,acm
1475,127,dblp
1476,340,acm
1476,1480,dblp
1477,341,acm
1477,165,dblp
1478,342,acm
1478,2470,dblp
1478,2371,dblp
1478,343,acm
1479,345,acm
1479,706,dblp
1480,346,acm
1480,2302,dblp
1481,348,acm
1481,2522,dblp
1482,349,acm
1482,2592,dblp
1483,35,acm
1483,2297,dblp
1483,829,acm
1483,617,dblp
1484,350,acm
1484,1573,dblp
1485,351,acm
1485,2218,dblp
1486,352,acm
1486,16,dblp
1487,353,acm
1487,1040,dblp
1488,354,acm
1488,1333,dblp
1489,355,acm
1489,1175,dblp
1490,356,acm
1490,1253,dblp
1490,696,acm
1490,54,dblp
1491,357,acm
1491,423,dblp
1492,358,acm
1492,943,dblp
1493,359,acm
1493,1199,dblp
1494,36,acm
1494,590,dblp
1495,360,acm
1495,48,dblp
1496,361,acm
1496,2136,dblp
1497,362,acm
1497,1342,dblp
1498,363,acm
1498,277,dblp
1499,364,acm
1499,1281,dblp
1500,366,acm
1500,1479,dblp
1501,367,acm
1501,1275,dblp
1501,671,acm
1501,1897,dblp
1502,368,acm
1502,2272,dblp
1503,369,acm
1503,460,dblp
1504,37,acm
1504,1046,dblp
1504,2354,dblp
1504,704,acm
1505,370,acm
1505,563,dblp
1506,371,acm
1506,283,dblp
1507,372,acm
1507,2178,dblp
1508,375,acm
1508,2012,dblp
1509,376,acm
1509,712,dblp
1510,377,acm
1510,2080,dblp
1511,378,acm
1511,925,dblp
1512,379,acm
1512,2315,dblp
1513,38,acm
1513,931,dblp
1514,380,acm
1514,1696,dblp
1515,381,acm
1515,2478,dblp
1516,383,acm
1516,374,dblp
1517,384,acm
1517,267,dblp
1518,385,acm
1518,1290,dblp
1519,387,acm
1519,2482,dblp
1520,388,acm
1520,1682,dblp
1521,389,acm
1521,1988,dblp
1522,39,acm
1522,65,dblp
1523,391,acm
1523,2113,dblp
1524,392,acm
1524,1222,dblp
1525,393,acm
1525,2501,dblp
1526,394,acm
1526,1383,dblp
1527,395,acm
1527,974,dblp
1528,396,acm
1528,584,dblp
1529,397,acm
1529,1841,dblp
1530,398,acm
1530,152,dblp
1531,399,acm
1531,1919,dblp
1532,4,acm
1532,973,dblp
1533,40,acm
1533,2535,dblp
1534,400,acm
1534,921,dblp
1535,401,acm
1535,493,dblp
1536,402,acm
1536,1871,dblp
1537,403,acm
1537,509,dblp
1538,404,acm
1538,2560,dblp
1539,405,acm
1539,1948,dblp
1540,406,acm
1540,44,dblp
1541,407,acm
1541,179,dblp
1542,408,acm
1542,1776,dblp
1543,409,acm
1543,2394,dblp
1544,41,acm
1544,2274,dblp
1545,411,acm
1545,750,dblp
1546,413,acm
1546,45,dblp
1546,860,acm
1546,738,dblp
1547,414,acm
1547,648,dblp
1548,415,acm
1548,1912,dblp
1549,416,acm
1549,2539,dblp
1550,417,acm
1550,2389,dblp
1551,418,acm
1551,526,dblp
1552,419,acm
1552,2273,dblp
1553,42,acm
1553,1277,dblp
1554,420,acm
1554,695,dblp
1555,421,acm
1555,2447,dblp
1556,422,acm
1556,604,dblp
1557,423,acm
1557,442,dblp
1558,424,acm
1558,1707,dblp
1559,425,acm
1559,2024,dblp
1560,426,acm
1560,1443,dblp
1561,427,acm
1561,1837,dblp
1562,428,acm
1562,609,dblp
1563,429,acm
1563,1161,dblp
1564,43,acm
1564,1058,dblp
1565,430,acm
1565,1154,dblp
1566,431,acm
1566,2589,dblp
1567,432,acm
1567,589,dblp
1568,434,acm
1568,2599,dblp
1569,435,acm
1569,846,dblp
1570,436,acm
1570,2429,dblp
1570,70,acm
1570,1284,dblp
1571,437,acm
1571,1588,dblp
1572,438,acm
1572,601,dblp
1573,44,acm
1573,728,dblp
1574,440,acm
1574,2587,dblp
1574,796,acm
1574,784,dblp
1575,441,acm
1575,2268,dblp
1576,442,acm
1576,1567,dblp
1577,443,acm
1577,1409,dblp
1578,444,acm
1578,1317,dblp
1579,445,acm
1579,595,dblp
1580,446,acm
1580,582,dblp
1581,447,acm
1581,2235,dblp
1582,448,acm
1582,1173,dblp
1583,449,acm
1583,1939,dblp
1584,45,acm
1584,1059,dblp
1585,450,acm
1585,1654,dblp
1586,451,acm
1586,2473,dblp
1587,452,acm
1587,642,dblp
1588,453,acm
1588,1636,dblp
1589,454,acm
1589,1267,dblp
1590,456,acm
1590,330,dblp
1591,457,acm
1591,1547,dblp
1591,481,acm
1591,1811,dblp
1592,458,acm
1592,450,dblp
1592,518,acm
1592,1377,dblp
1593,459,acm
1593,1644,dblp
1594,460,acm
1594,1272,dblp
1595,461,acm
1595,2356,dblp
1596,462,acm
1596,2155,dblp
1597,464,acm
1597,122,dblp
1598,466,acm
1598,1674,dblp
1599,467,acm
1599,881,dblp
1600,468,acm
1600,1974,dblp
1601,469,acm
1601,2487,dblp
1602,47,acm
1602,918,dblp
1603,470,acm
1603,290,dblp
1604,471,acm
1604,1929,dblp
1605,472,acm
1605,714,dblp
1606,473,acm
1606,1121,dblp
1607,474,acm
1607,894,dblp
1608,475,acm
1608,2240,dblp
1609,476,acm
1609,1448,dblp
1610,477,acm
1610,529,dblp
1611,478,acm
1611,2411,dblp
1611,921,acm
1611,893,dblp
1612,479,acm
1612,1978,dblp
1613,48,acm
1613,2488,dblp
1614,480,acm
1614,2359,dblp
1615,482,acm
1615,915,dblp
1616,483,acm
1616,511,dblp
1617,484,acm
1617,2377,dblp
1618,485,acm
1618,634,dblp
1619,486,acm
1619,2184,dblp
1620,487,acm
1620,2312,dblp
1621,488,acm
1621,1624,dblp
1622,489,acm
1622,2399,dblp
1623,49,acm
1623,5,dblp
1624,490,acm
1624,2176,dblp
1625,491,acm
1625,2087,dblp
1626,492,acm
1626,1537,dblp
1627,493,acm
1627,1733,dblp
1628,494,acm
1628,1649,dblp
1628,74,acm
1628,926,dblp
1629,495,acm
1629,898,dblp
1630,496,acm
1630,1223,dblp
1631,497,acm
1631,2562,dblp
1632,498,acm
1632,1935,dblp
1633,499,acm
1633,86,dblp
1634,5,acm
1634,1146,dblp
1635,50,acm
1635,1743,dblp
1636,500,acm
1636,662,dblp
1637,501,acm
1637,1986,dblp
1638,502,acm
1638,1372,dblp
1639,503,acm
1639,2567,dblp
1640,504,acm
1640,2454,dblp
1641,505,acm
1641,1633,dblp
1642,506,acm
1642,2528,dblp
1643,508,acm
1643,787,dblp
1644,509,acm
1644,1900,dblp
1645,51,acm
1645,527,dblp
1646,510,acm
1646,466,dblp
1647,511,acm
1647,1755,dblp
1648,514,acm
1648,574,dblp
1648,749,acm
1648,188,dblp
1649,515,acm
1649,2401,dblp
1650,517,acm
1650,1328,dblp
1651,519,acm
1651,2055,dblp
1652,52,acm
1652,862,dblp
1653,520,acm
1653,2257,dblp
1653,661,acm
1654,521,acm
1654,1720,dblp
1654,1734,dblp
1655,525,acm
1655,1687,dblp
1656,528,acm
1656,1944,dblp
1656,793,acm
1656,2266,dblp
1657,529,acm
1657,254,dblp
1658,531,acm
1658,1681,dblp
1659,532,acm
1659,1987,dblp
1660,534,acm
1660,1127,dblp
1661,536,acm
1661,193,dblp
1662,537,acm
1662,522,dblp
1663,538,acm
1663,1249,dblp
1664,54,acm
1664,1891,dblp
1665,540,acm
1665,1327,dblp
1666,542,acm
1666,2594,dblp
1666,982,dblp
1666,311,dblp
1666,1558,dblp
1667,543,acm
1667,199,dblp
1668,544,acm
1668,977,dblp
1669,545,acm
1669,446,dblp
1670,55,acm
1670,1077,dblp
1671,550,acm
1671,136,dblp
1672,552,acm
1672,866,dblp
1672,553,acm
1673,554,acm
1673,1250,dblp
1674,555,acm
1674,2608,dblp
1675,556,acm
1675,2028,dblp
1676,557,acm
1676,1656,dblp
1677,558,acm
1677,1881,dblp
1678,559,acm
1678,2343,dblp
1679,560,acm
1679,850,dblp
1680,565,acm
1680,433,dblp
1681,566,acm
1681,2514,dblp
1682,568,acm
1682,1454,dblp
1682,1039,dblp
1683,569,acm
1683,2561,dblp
1684,57,acm
1684,754,dblp
1685,570,acm
1685,2455,dblp
1686,571,acm
1686,481,dblp
1687,572,acm
1687,2327,dblp
1688,573,acm
1688,1739,dblp
1689,574,acm
1689,962,dblp
1690,576,acm
1690,229,dblp
1691,577,acm
1691,1829,dblp
1692,578,acm
1692,2074,dblp
1693,579,acm
1693,1802,dblp
1694,58,acm
1694,1414,dblp
1695,580,acm
1695,183,dblp
1696,581,acm
1696,823,dblp
1697,582,acm
1697,2046,dblp
1698,584,acm
1698,535,dblp
1699,585,acm
1699,272,dblp
1700,586,acm
1700,449,dblp
1701,587,acm
1701,670,dblp
1702,589,acm
1702,1753,dblp
1703,59,acm
1703,2303,dblp
1704,590,acm
1704,927,dblp
1705,591,acm
1705,644,dblp
1706,592,acm
1706,46,dblp
1707,594,acm
1707,1310,dblp
1708,596,acm
1708,117,dblp
1709,597,acm
1709,781,dblp
1710,6,acm
1710,1698,dblp
1711,60,acm
1711,1791,dblp
1712,600,acm
1712,2436,dblp
1713,601,acm
1713,1834,dblp
1714,602,acm
1714,853,dblp
1715,603,acm
1715,1305,dblp
1716,605,acm
1716,1844,dblp
1717,607,acm
1717,541,dblp
1718,609,acm
1718,1296,dblp
1719,61,acm
1719,2065,dblp
1720,610,acm
1720,902,dblp
1721,611,acm
1721,1945,dblp
1722,616,acm
1722,2580,dblp
1723,617,acm
1723,1313,dblp
1724,618,acm
1724,748,dblp
1725,62,acm
1725,932,dblp
1726,620,acm
1726,2424,dblp
1727,621,acm
1727,2507,dblp
1728,622,acm
1728,691,dblp
1729,623,acm
1729,1828,dblp
1730,624,acm
1730,1725,dblp
1731,625,acm
1731,2537,dblp
1732,626,acm
1732,986,dblp
1733,627,acm
1733,2071,dblp
1734,628,acm
1734,1435,dblp
1735,629,acm
1735,1019,dblp
1736,63,acm
1736,2344,dblp
1737,630,acm
1737,1928,dblp
1738,631,acm
1738,1611,dblp
1739,632,acm
1739,1319,dblp
1740,633,acm
1740,224,dblp
1741,635,acm
1741,1210,dblp
1742,636,acm
1742,658,dblp
1743,637,acm
1743,805,dblp
1744,638,acm
1744,182,dblp
1745,639,acm
1745,525,dblp
1746,64,acm
1746,820,dblp
1747,640,acm
1747,727,dblp
1748,641,acm
1748,1773,dblp
1749,642,acm
1749,1037,dblp
1750,643,acm
1750,1516,dblp
1751,644,acm
1751,576,dblp
1752,645,acm
1752,1603,dblp
1753,646,acm
1753,903,dblp
1754,647,acm
1754,633,dblp
1755,65,acm
1755,1109,dblp
1756,651,acm
1756,276,dblp
1757,652,acm
1757,88,dblp
1758,654,acm
1758,1832,dblp
1759,655,acm
1759,828,dblp
1760,656,acm
1760,1848,dblp
1761,658,acm
1761,399,dblp
1762,659,acm
1762,155,dblp
1763,66,acm
1763,1741,dblp
1764,660,acm
1764,1236,dblp
1765,664,acm
1765,1229,dblp
1766,665,acm
1766,358,dblp
1767,666,acm
1767,2079,dblp
1768,667,acm
1768,2433,dblp
1769,67,acm
1769,2259,dblp
1770,670,acm
1770,1420,dblp
1771,672,acm
1771,43,dblp
1772,673,acm
1772,1067,dblp
1773,674,acm
1773,292,dblp
1774,675,acm
1774,434,dblp
1775,676,acm
1775,1511,dblp
1776,677,acm
1776,699,dblp
1777,678,acm
1777,149,dblp
1778,679,acm
1778,244,dblp
1779,68,acm
1779,794,dblp
1780,680,acm
1780,944,dblp
1781,681,acm
1781,2039,dblp
1782,682,acm
1782,1413,dblp
1783,683,acm
1783,2428,dblp
1784,684,acm
1784,719,dblp
1785,685,acm
1785,145,dblp
1786,686,acm
1786,227,dblp
1787,687,acm
1787,2040,dblp
1787,2555,dblp
1788,688,acm
1788,1278,dblp
1789,689,acm
1789,1098,dblp
1790,69,acm
1790,1602,dblp
1791,690,acm
1791,1797,dblp
1792,691,acm
1792,1589,dblp
1793,692,acm
1793,2011,dblp
1794,693,acm
1794,1769,dblp
1795,694,acm
1795,1651,dblp
1796,697,acm
1796,2105,dblp
1797,698,acm
1797,643,dblp
1798,699,acm
1798,134,dblp
1798,2468,dblp
1799,7,acm
1799,1671,dblp
1800,700,acm
1800,370,dblp
1801,702,acm
1801,845,dblp
1802,703,acm
1802,2068,dblp
1803,705,acm
1803,1803,dblp
1804,706,acm
1804,1790,dblp
1805,707,acm
1805,1758,dblp
1806,708,acm
1806,1392,dblp
1807,71,acm
1807,792,dblp
1808,710,acm
1808,626,dblp
1809,711,acm
1809,556,dblp
1810,712,acm
1810,196,dblp
1811,713,acm
1811,1827,dblp
1812,714,acm
1812,2467,dblp
1813,715,acm
1813,1883,dblp
1814,716,acm
1814,859,dblp
1815,717,acm
1815,849,dblp
1816,718,acm
1816,406,dblp
1817,719,acm
1817,75,dblp
1818,72,acm
1818,1660,dblp
1819,721,acm
1819,1437,dblp
1820,722,acm
1820,1756,dblp
1821,724,acm
1821,251,dblp
1822,725,acm
1822,2285,dblp
1823,726,acm
1823,2189,dblp
1824,727,acm
1824,1006,dblp
1825,728,acm
1825,61,dblp
1826,729,acm
1826,1703,dblp
1827,73,acm
1827,1938,dblp
1828,730,acm
1828,2153,dblp
1829,731,acm
1829,1238,dblp
1830,732,acm
1830,337,dblp
1831,733,acm
1831,161,dblp
1832,734,acm
1832,869,dblp
1833,735,acm
1833,516,dblp
1834,737,acm
1834,1485,dblp
1835,741,acm
1835,730,dblp
1836,742,acm
1836,20,dblp
1837,746,acm
1837,6,dblp
1838,747,acm
1838,2163,dblp
1839,748,acm
1839,1585,dblp
1840,75,acm
1840,1460,dblp
1841,752,acm
1841,952,dblp
1842,753,acm
1842,2489,dblp
1843,754,acm
1843,1817,dblp
1844,755,acm
1844,797,dblp
1845,756,acm
1845,1114,dblp
1845,763,acm
1845,130,dblp
1845,1388,dblp
1846,757,acm
1846,295,dblp
1847,759,acm
1847,1857,dblp
1848,76,acm
1848,1013,dblp
1849,760,acm
1849,225,dblp
1850,761,acm
1850,1932,dblp
1850,1451,dblp
1851,762,acm
1851,539,dblp
1851,1676,dblp
1852,764,acm
1852,1301,dblp
1853,765,acm
1853,2591,dblp
1854,766,acm
1854,1270,dblp
1855,767,acm
1855,1352,dblp
1856,769,acm
1856,2120,dblp
1857,77,acm
1857,1251,dblp
1858,770,acm
1858,930,dblp
1859,771,acm
1859,1830,dblp
1860,772,acm
1860,305,dblp
1861,773,acm
1861,831,dblp
1862,774,acm
1862,1509,dblp
1863,777,acm
1863,1471,dblp
1864,778,acm
1864,1972,dblp
1865,779,acm
1865,2207,dblp
1866,78,acm
1866,557,dblp
1867,780,acm
1867,1138,dblp
1868,781,acm
1868,2140,dblp
1869,782,acm
1869,1664,dblp
1870,784,acm
1870,1781,dblp
1871,785,acm
1871,106,dblp
1872,786,acm
1872,2001,dblp
1873,787,acm
1873,2493,dblp
1874,788,acm
1874,409,dblp
1875,789,acm
1875,701,dblp
1876,79,acm
1876,1777,dblp
1877,790,acm
1877,1011,dblp
1878,791,acm
1878,1439,dblp
1879,792,acm
1879,1344,dblp
1880,794,acm
1880,1026,dblp
1881,795,acm
1881,1005,dblp
1882,797,acm
1882,2420,dblp
1883,799,acm
1883,107,dblp
1884,8,acm
1884,177,dblp
1885,80,acm
1885,1711,dblp
1886,800,acm
1886,2002,dblp
1887,801,acm
1887,487,dblp
1888,802,acm
1888,1207,dblp
1889,803,acm
1889,1368,dblp
1890,805,acm
1890,2432,dblp
1891,806,acm
1891,25,dblp
1892,807,acm
1892,1859,dblp
1893,808,acm
1893,2352,dblp
1894,81,acm
1894,1843,dblp
1895,810,acm
1895,82,dblp
1896,811,acm
1896,1187,dblp
1897,812,acm
1897,250,dblp
1898,813,acm
1898,239,dblp
1899,814,acm
1899,2499,dblp
1900,815,acm
1900,1487,dblp
1901,816,acm
1901,2085,dblp
1902,817,acm
1902,994,dblp
1903,818,acm
1903,1182,dblp
1904,819,acm
1904,1147,dblp
1905,82,acm
1905,865,dblp
1906,820,acm
1906,302,dblp
1907,821,acm
1907,923,dblp
1908,822,acm
1908,1209,dblp
1909,823,acm
1909,2476,dblp
1910,824,acm
1910,319,dblp
1911,825,acm
1911,2171,dblp
1912,826,acm
1912,774,dblp
1913,827,acm
1913,568,dblp
1914,828,acm
1914,2186,dblp
1915,83,acm
1915,1999,dblp
1916,830,acm
1916,1737,dblp
1917,831,acm
1917,2104,dblp
1918,832,acm
1918,60,dblp
1919,833,acm
1919,2199,dblp
1920,834,acm
1920,1653,dblp
1921,835,acm
1921,1457,dblp
1922,836,acm
1922,760,dblp
1923,837,acm
1923,896,dblp
1924,838,acm
1924,2049,dblp
1925,839,acm
1925,1669,dblp
1926,84,acm
1926,1353,dblp
1927,840,acm
1927,435,dblp
1928,841,acm
1928,852,dblp
1929,842,acm
1929,1796,dblp
1930,843,acm
1930,2417,dblp
1931,844,acm
1931,1343,dblp
1932,845,acm
1932,42,dblp
1933,846,acm
1933,2126,dblp
1934,848,acm
1934,1815,dblp
1935,849,acm
1935,757,dblp
1936,85,acm
1936,2287,dblp
1937,850,acm
1937,843,dblp
1938,851,acm
1938,2216,dblp
1939,852,acm
1939,2180,dblp
1940,853,acm
1940,733,dblp
1941,854,acm
1941,1862,dblp
1942,855,acm
1942,856,dblp
1943,856,acm
1943,1760,dblp
1944,857,acm
1944,1183,dblp
1945,858,acm
1945,1975,dblp
1946,859,acm
1946,945,dblp
1947,86,acm
1947,2078,dblp
1948,861,acm
1948,2141,dblp
1949,863,acm
1949,1268,dblp
1950,864,acm
1950,769,dblp
1951,865,acm
1951,890,dblp
1952,867,acm
1952,1962,dblp
1953,868,acm
1953,2190,dblp
1954,869,acm
1954,2358,dblp
1955,87,acm
1955,1576,dblp
1956,870,acm
1956,1775,dblp
1957,871,acm
1957,504,dblp
1958,872,acm
1958,1484,dblp
1959,873,acm
1959,1538,dblp
1960,874,acm
1960,1536,dblp
1961,875,acm
1961,2226,dblp
1962,876,acm
1962,1094,dblp
1963,877,acm
1963,985,dblp
1964,878,acm
1964,1433,dblp
1965,88,acm
1965,891,dblp
1966,880,acm
1966,1594,dblp
1967,882,acm
1967,1219,dblp
1968,883,acm
1968,873,dblp
1969,884,acm
1969,954,dblp
1970,885,acm
1970,216,dblp
1971,886,acm
1971,1971,dblp
1972,887,acm
1972,417,dblp
1973,888,acm
1973,195,dblp
1974,89,acm
1974,2006,dblp
1975,891,acm
1975,1774,dblp
1976,892,acm
1976,1085,dblp
1977,893,acm
1977,605,dblp
1978,894,acm
1978,1646,dblp
1979,895,acm
1979,2038,dblp
1980,897,acm
1980,564,dblp
1981,899,acm
1981,57,dblp
1982,9,acm
1982,2485,dblp
1983,90,acm
1983,1571,dblp
1984,900,acm
1984,2116,dblp
1985,902,acm
1985,427,dblp
1986,903,acm
1986,1979,dblp
1987,905,acm
1987,1069,dblp
1988,906,acm
1988,1135,dblp
1989,908,acm
1989,801,dblp
1990,91,acm
1990,115,dblp
1991,910,acm
1991,2099,dblp
1992,911,acm
1992,475,dblp
1993,912,acm
1993,452,dblp
1994,913,acm
1994,448,dblp
1995,914,acm
1995,39,dblp
1996,916,acm
1996,344,dblp
1997,917,acm
1997,1086,dblp
1998,92,acm
1998,1131,dblp
1999,920,acm
1999,624,dblp
2000,923,acm
2000,1381,dblp
2001,925,acm
2001,2260,dblp
2001,2368,dblp
2001,498,dblp
2002,928,acm
2002,2159,dblp
2003,929,acm
2003,1375,dblp
2004,93,acm
2004,372,dblp
2005,930,acm
2005,2577,dblp
2006,931,acm
2006,963,dblp
2007,932,acm
2007,507,dblp
2008,933,acm
2008,836,dblp
2009,934,acm
2009,2089,dblp
2010,935,acm
2010,2145,dblp
2011,936,acm
2011,2291,dblp
2012,937,acm
2012,1162,dblp
2013,939,acm
2013,1553,dblp
2014,94,acm
2014,710,dblp
2015,940,acm
2015,2495,dblp
2016,941,acm
2016,456,dblp
2017,942,acm
2017,1782,dblp
2018,943,acm
2018,1930,dblp
2019,945,acm
2019,1072,dblp
2020,946,acm
2020,2200,dblp
2021,947,acm
2021,1555,dblp
2022,948,acm
2022,791,dblp
2023,949,acm
2023,988,dblp
2024,95,acm
2024,1569,dblp
2025,950,acm
2025,103,dblp
2026,951,acm
2026,436,dblp
2027,952,acm
2027,1347,dblp
2028,953,acm
2028,298,dblp
2029,954,acm
2029,347,dblp
2030,955,acm
2030,328,dblp
2031,956,acm
2031,2600,dblp
2032,957,acm
2032,2201,dblp
2033,959,acm
2033,1715,dblp
2034,96,acm
2034,2439,dblp
2035,960,acm
2035,2593,dblp
2036,961,acm
2036,2156,dblp
2037,962,acm
2037,772,dblp
2038,963,acm
2038,70,dblp
2039,964,acm
2039,630,dblp
2040,965,acm
2040,174,dblp
2041,966,acm
2041,2124,dblp
2042,967,acm
2042,2102,dblp
2043,968,acm
2043,1032,dblp
2044,97,acm
2044,2575,dblp
2045,970,acm
2045,1029,dblp
2046,971,acm
2046,252,dblp
2047,972,acm
2047,2376,dblp
2048,973,acm
2048,410,dblp
2049,974,acm
2049,419,dblp
2050,975,acm
2050,2332,dblp
2051,976,acm
2051,2416,dblp
2052,977,acm
2052,483,dblp
2053,978,acm
2053,625,dblp
2054,98,acm
2054,394,dblp
2055,981,acm
2055,1833,dblp
2056,982,acm
2056,961,dblp
2057,983,acm
2057,170,dblp
2058,984,acm
2058,1477,dblp
2059,985,acm
2059,514,dblp
2060,986,acm
2060,2013,dblp
2061,987,acm
2061,599,dblp
2062,988,acm
2062,352,dblp
2063,989,acm
2063,1316,dblp
2064,99,acm
2064,1704,dblp
2065,991,acm
2065,470,dblp
2066,992,acm
2066,1854,dblp
2067,993,acm
2067,2372,dblp
2068,994,acm
2068,2052,dblp
2068,995,acm
2068,732,dblp
2069,996,acm
2069,1889,dblp
2070,999,acm
2070,1728,dblp
